<KicadtoNgspice><source><v1 name="Source type">pwl<field1 name="Enter in pwl format">0s 1V 10us 2V 20us 3V 22us 3V 100us 10V 110us 11V</field1></v1><v2 name="Source type">dc<field1 name="Value">15</field1></v2><v1 name="Source type">dc<field1 name="Value">15</field1></v1><v2 name="Source type">pwl<field1 name="Enter in pwl format">0 1 10 2 20 3 22 3 100 10 110 11</field1></v2></source><model><u11 name="type">adc_bridge<field1 name="Enter value for in_low (default=1.0)" /><field2 name="Enter value for in_high (default=2.0)" /><field3 name="Enter Rise Delay (default=1.0e-9)" /><field4 name="Enter Fall Delay (default=1.0e-9)" /></u11><u10 name="type">adc_bridge<field5 name="Enter value for in_low (default=1.0)" /><field6 name="Enter value for in_high (default=2.0)" /><field7 name="Enter Rise Delay (default=1.0e-9)" /><field8 name="Enter Fall Delay (default=1.0e-9)" /></u10><u12 name="type">adc_bridge<field9 name="Enter value for in_low (default=1.0)" /><field10 name="Enter value for in_high (default=2.0)" /><field11 name="Enter Rise Delay (default=1.0e-9)" /><field12 name="Enter Fall Delay (default=1.0e-9)" /></u12><u13 name="type">adc_bridge<field13 name="Enter value for in_low (default=1.0)" /><field14 name="Enter value for in_high (default=2.0)" /><field15 name="Enter Rise Delay (default=1.0e-9)" /><field16 name="Enter Fall Delay (default=1.0e-9)" /></u13><u14 name="type">adc_bridge<field17 name="Enter value for in_low (default=1.0)" /><field18 name="Enter value for in_high (default=2.0)" /><field19 name="Enter Rise Delay (default=1.0e-9)" /><field20 name="Enter Fall Delay (default=1.0e-9)" /></u14><u15 name="type">adc_bridge<field21 name="Enter value for in_low (default=1.0)" /><field22 name="Enter value for in_high (default=2.0)" /><field23 name="Enter Rise Delay (default=1.0e-9)" /><field24 name="Enter Fall Delay (default=1.0e-9)" /></u15><u16 name="type">adc_bridge<field25 name="Enter value for in_low (default=1.0)" /><field26 name="Enter value for in_high (default=2.0)" /><field27 name="Enter Rise Delay (default=1.0e-9)" /><field28 name="Enter Fall Delay (default=1.0e-9)" /></u16><u3 name="type">samyuktha_flashadc<field29 name="Enter Rise Delay (default=1.0e-9)" /><field30 name="Enter Fall Delay (default=1.0e-9)" /><field31 name="Enter Input Load (default=1.0e-12)" /><field32 name="Enter Instance ID (Between 0-99)" /></u3><u4 name="type">samyuktha_flashadc<field33 name="Enter Rise Delay (default=1.0e-9)" /><field34 name="Enter Fall Delay (default=1.0e-9)" /><field35 name="Enter Input Load (default=1.0e-12)" /><field36 name="Enter Instance ID (Between 0-99)" /></u4><u5 name="type">samyuktha_flashadc<field37 name="Enter Rise Delay (default=1.0e-9)" /><field38 name="Enter Fall Delay (default=1.0e-9)" /><field39 name="Enter Input Load (default=1.0e-12)" /><field40 name="Enter Instance ID (Between 0-99)" /></u5><u6 name="type">samyuktha_flashadc<field41 name="Enter Rise Delay (default=1.0e-9)" /><field42 name="Enter Fall Delay (default=1.0e-9)" /><field43 name="Enter Input Load (default=1.0e-12)" /><field44 name="Enter Instance ID (Between 0-99)" /></u6><u7 name="type">samyuktha_flashadc<field45 name="Enter Rise Delay (default=1.0e-9)" /><field46 name="Enter Fall Delay (default=1.0e-9)" /><field47 name="Enter Input Load (default=1.0e-12)" /><field48 name="Enter Instance ID (Between 0-99)" /></u7><u8 name="type">samyuktha_flashadc<field49 name="Enter Rise Delay (default=1.0e-9)" /><field50 name="Enter Fall Delay (default=1.0e-9)" /><field51 name="Enter Input Load (default=1.0e-12)" /><field52 name="Enter Instance ID (Between 0-99)" /></u8><u9 name="type">samyuktha_flashadc<field53 name="Enter Rise Delay (default=1.0e-9)" /><field54 name="Enter Fall Delay (default=1.0e-9)" /><field55 name="Enter Input Load (default=1.0e-12)" /><field56 name="Enter Instance ID (Between 0-99)" /></u9><u17 name="type">dac_bridge<field57 name="Enter value for out_low (default=0.0)" /><field58 name="Enter value for out_high (default=5.0)" /><field59 name="Enter value for out_undef (default=0.5)" /><field60 name="Enter value for input load (default=1.0e-12)" /><field61 name="Enter the Rise Time (default=1.0e-9)" /><field62 name="Enter the Fall Time (default=1.0e-9)" /></u17><u18 name="type">dac_bridge<field63 name="Enter value for out_low (default=0.0)" /><field64 name="Enter value for out_high (default=5.0)" /><field65 name="Enter value for out_undef (default=0.5)" /><field66 name="Enter value for input load (default=1.0e-12)" /><field67 name="Enter the Rise Time (default=1.0e-9)" /><field68 name="Enter the Fall Time (default=1.0e-9)" /></u18><u19 name="type">dac_bridge<field69 name="Enter value for out_low (default=0.0)" /><field70 name="Enter value for out_high (default=5.0)" /><field71 name="Enter value for out_undef (default=0.5)" /><field72 name="Enter value for input load (default=1.0e-12)" /><field73 name="Enter the Rise Time (default=1.0e-9)" /><field74 name="Enter the Fall Time (default=1.0e-9)" /></u19><u20 name="type">dac_bridge<field75 name="Enter value for out_low (default=0.0)" /><field76 name="Enter value for out_high (default=5.0)" /><field77 name="Enter value for out_undef (default=0.5)" /><field78 name="Enter value for input load (default=1.0e-12)" /><field79 name="Enter the Rise Time (default=1.0e-9)" /><field80 name="Enter the Fall Time (default=1.0e-9)" /></u20><u21 name="type">dac_bridge<field81 name="Enter value for out_low (default=0.0)" /><field82 name="Enter value for out_high (default=5.0)" /><field83 name="Enter value for out_undef (default=0.5)" /><field84 name="Enter value for input load (default=1.0e-12)" /><field85 name="Enter the Rise Time (default=1.0e-9)" /><field86 name="Enter the Fall Time (default=1.0e-9)" /></u21><u22 name="type">dac_bridge<field87 name="Enter value for out_low (default=0.0)" /><field88 name="Enter value for out_high (default=5.0)" /><field89 name="Enter value for out_undef (default=0.5)" /><field90 name="Enter value for input load (default=1.0e-12)" /><field91 name="Enter the Rise Time (default=1.0e-9)" /><field92 name="Enter the Fall Time (default=1.0e-9)" /></u22><u23 name="type">dac_bridge<field93 name="Enter value for out_low (default=0.0)" /><field94 name="Enter value for out_high (default=5.0)" /><field95 name="Enter value for out_undef (default=0.5)" /><field96 name="Enter value for input load (default=1.0e-12)" /><field97 name="Enter the Rise Time (default=1.0e-9)" /><field98 name="Enter the Fall Time (default=1.0e-9)" /></u23><u9 name="type">adc_bridge<field5 name="Enter value for in_low (default=1.0)" /><field6 name="Enter value for in_high (default=2.0)" /><field7 name="Enter Rise Delay (default=1.0e-9)" /><field8 name="Enter Fall Delay (default=1.0e-9)" /></u9><u2 name="type">samyuktha_flashadc<field29 name="Enter Rise Delay (default=1.0e-9)" /><field30 name="Enter Fall Delay (default=1.0e-9)" /><field31 name="Enter Input Load (default=1.0e-12)" /><field32 name="Enter Instance ID (Between 0-99)" /></u2><u16 name="type">dac_bridge<field57 name="Enter value for out_low (default=0.0)" /><field58 name="Enter value for out_high (default=5.0)" /><field59 name="Enter value for out_undef (default=0.5)" /><field60 name="Enter value for input load (default=1.0e-12)" /><field61 name="Enter the Rise Time (default=1.0e-9)" /><field62 name="Enter the Fall Time (default=1.0e-9)" /></u16></model><devicemodel><d3><field>C:\FOSSEE\eSim\library\deviceModelLibrary\Diode\D.lib</field></d3><d2><field>C:\FOSSEE\eSim\library\deviceModelLibrary\Diode\D.lib</field></d2><d1><field>C:\FOSSEE\eSim\library\deviceModelLibrary\Diode\D.lib</field></d1><d5><field>C:\FOSSEE\eSim\library\deviceModelLibrary\Diode\D.lib</field></d5><d4><field>C:\FOSSEE\eSim\library\deviceModelLibrary\Diode\D.lib</field></d4><d7><field>C:\FOSSEE\eSim\library\deviceModelLibrary\Diode\D.lib</field></d7><d6><field>C:\FOSSEE\eSim\library\deviceModelLibrary\Diode\D.lib</field></d6><d8><field>C:\FOSSEE\eSim\library\deviceModelLibrary\Diode\D.lib</field></d8><d10><field>C:\FOSSEE\eSim\library\deviceModelLibrary\Diode\D.lib</field></d10><d9><field>C:\FOSSEE\eSim\library\deviceModelLibrary\Diode\D.lib</field></d9><d11><field>C:\FOSSEE\eSim\library\deviceModelLibrary\Diode\D.lib</field></d11><d12><field>C:\FOSSEE\eSim\library\deviceModelLibrary\Diode\D.lib</field></d12></devicemodel><subcircuit><x2><field>C:\FOSSEE\eSim\library\SubcircuitLibrary\lm_741</field></x2><x3><field>C:\FOSSEE\eSim\library\SubcircuitLibrary\lm_741</field></x3><x6><field>C:\FOSSEE\eSim\library\SubcircuitLibrary\lm_741</field></x6><x7><field>C:\FOSSEE\eSim\library\SubcircuitLibrary\lm_741</field></x7><x5><field>C:\FOSSEE\eSim\library\SubcircuitLibrary\lm_741</field></x5><x1><field>C:\FOSSEE\eSim\library\SubcircuitLibrary\lm_741</field></x1><x4><field>C:\FOSSEE\eSim\library\SubcircuitLibrary\lm_741</field></x4></subcircuit><analysis><ac><field1 name="Lin">true</field1><field2 name="Dec">false</field2><field3 name="Oct">false</field3><field4 name="Start Frequency" /><field5 name="Stop Frequency" /><field6 name="No. of points" /><field7 name="Start Fre Combo">Hz</field7><field8 name="Stop Fre Combo">Hz</field8></ac><dc><field1 name="Source 1" /><field2 name="Start" /><field3 name="Increment" /><field4 name="Stop" /><field5 name="Operating Point">0</field5><field6 name="Start Combo">Volts or Amperes</field6><field7 name="Increment Combo">Volts or Amperes</field7><field8 name="Stop Combo">Volts or Amperes</field8><field9 name="Source 2" /><field10 name="Start" /><field11 name="Increment" /><field12 name="Stop" /><field13 name="Start Combo">Volts or Amperes</field13><field14 name="Increment Combo">Volts or Amperes</field14><field15 name="Stop Combo">Volts or Amperes</field15></dc><tran><field1 name="Start Time">0</field1><field2 name="Step Time">0.1</field2><field3 name="Stop Time">20</field3><field4 name="Start Combo">Sec</field4><field5 name="Step Combo">Sec</field5><field6 name="Stop Combo">Sec</field6></tran></analysis></KicadtoNgspice>
