<KicadtoNgspice><source /><model /><devicemodel><q1><field>C:/Users/malli/eSim/src/deviceModelLibrary/Transistor/npn_1.lib</field></q1><q20><field>C:/Users/malli/eSim/src/deviceModelLibrary/Transistor/npn_1.lib</field></q20><q3><field>C:/Users/malli/eSim/src/deviceModelLibrary/Transistor/npn_1.lib</field></q3><q2><field>C:/Users/malli/eSim/src/deviceModelLibrary/Transistor/npn_1.lib</field></q2><q5><field>C:/Users/malli/eSim/src/deviceModelLibrary/Transistor/pnp_1.lib</field></q5><q4><field>C:/Users/malli/eSim/src/deviceModelLibrary/Transistor/pnp_1.lib</field></q4><q7><field>C:/Users/malli/eSim/src/deviceModelLibrary/Transistor/npn_1.lib</field></q7><q6><field>C:/Users/malli/eSim/src/deviceModelLibrary/Transistor/pnp_1.lib</field></q6><q9><field>C:/Users/malli/eSim/src/deviceModelLibrary/Transistor/pnp_1.lib</field></q9><q8><field>C:/Users/malli/eSim/src/deviceModelLibrary/Transistor/npn_1.lib</field></q8><q15><field>C:/Users/malli/eSim/src/deviceModelLibrary/Transistor/npn_1.lib</field></q15><q14><field>C:/Users/malli/eSim/src/deviceModelLibrary/Transistor/npn_1.lib</field></q14><q17><field>C:/Users/malli/eSim/src/deviceModelLibrary/Transistor/npn_1.lib</field></q17><q16><field>C:/Users/malli/eSim/src/deviceModelLibrary/Transistor/npn_1.lib</field></q16><q11><field>C:/Users/malli/eSim/src/deviceModelLibrary/Transistor/pnp_1.lib</field></q11><q10><field>C:/Users/malli/eSim/src/deviceModelLibrary/Transistor/pnp_1.lib</field></q10><q13><field>C:/Users/malli/eSim/src/deviceModelLibrary/Transistor/npn_1.lib</field></q13><q12><field>C:/Users/malli/eSim/src/deviceModelLibrary/Transistor/npn_1.lib</field></q12><q19><field>C:/Users/malli/eSim/src/deviceModelLibrary/Transistor/pnp_1.lib</field></q19><q18><field>C:/Users/malli/eSim/src/deviceModelLibrary/Transistor/npn_1.lib</field></q18></devicemodel><subcircuit /><analysis><ac><field1 name="Lin">true</field1><field2 name="Dec">false</field2><field3 name="Oct">false</field3><field4 name="Start Frequency" /><field5 name="Stop Frequency" /><field6 name="No. of points" /><field7 name="Start Fre Combo">Hz</field7><field8 name="Stop Fre Combo">Hz</field8></ac><dc><field1 name="Source 1" /><field2 name="Start" /><field3 name="Increment" /><field4 name="Stop" /><field5 name="Operating Point">0</field5><field6 name="Start Combo">Volts or Amperes</field6><field7 name="Increment Combo">Volts or Amperes</field7><field8 name="Stop Combo">Volts or Amperes</field8><field9 name="Source 2" /><field10 name="Start" /><field11 name="Increment" /><field12 name="Stop" /><field13 name="Start Combo">Volts or Amperes</field13><field14 name="Increment Combo">Volts or Amperes</field14><field15 name="Stop Combo">Volts or Amperes</field15></dc><tran><field1 name="Start Time" /><field2 name="Step Time" /><field3 name="Stop Time" /><field4 name="Start Combo">Sec</field4><field5 name="Step Combo">Sec</field5><field6 name="Stop Combo">Sec</field6></tran></analysis></KicadtoNgspice